--center_address
insert into center_address (city, street, country, street_number, longitude, latitude, id) values ('Versailles', '68 Sauthoff Way', 'France', '8090', 2.1203554, 48.8048649, 'd6a4c034-83ef-4c6d-8419-c4b39059810b');
insert into center_address (city, street, country, street_number, longitude, latitude, id) values ('Alae', '13 Glacier Hill Avenue', 'Philippines', '028', 124.7568082, 8.5131518, '2848e74d-c1a9-40dc-9764-402bb5553ee9');
insert into center_address (city, street, country, street_number, longitude, latitude, id) values ('Tiwi', '1 Glendale Street', 'Philippines', '715', 123.6791749, 13.4570619, '5ee042dc-c099-433d-8a91-d6eda807f917');
insert into center_address (city, street, country, street_number, longitude, latitude, id) values ('Wenping', '915 Grover Road', 'China', '38256', 114.174463, 22.279062, 'e50b7594-2f43-468d-b227-6be21ef4da1a');
insert into center_address (city, street, country, street_number, longitude, latitude, id) values ('Miryang', '75 Scoville Road', 'South Korea', '07691', 128.7464415, 35.5037598, '23b514d4-fb45-4144-a810-f136d12bb196');
insert into center_address (city, street, country, street_number, longitude, latitude, id) values ('Meziměstí', '5791 Randy Junction', 'Czech Republic', '5774', 16.2483966, 50.6261687, '50901c61-2ca7-46c7-a809-19a2d1b25d81');
insert into center_address (city, street, country, street_number, longitude, latitude, id) values ('Fudian', '5 Spohn Place', 'China', '51', 119.872545, 29.483315, 'b0419668-3f85-48a9-87f7-228d9f862756');
insert into center_address (city, street, country, street_number, longitude, latitude, id) values ('Kungsör', '5 Loftsgordon Trail', 'Sweden', '4594', 16.0865677, 59.4201937, '2d50451d-8f8f-47c9-ab0b-3a02996b30e0');
insert into center_address (city, street, country, street_number, longitude, latitude, id) values ('Gardēz', '578 Arrowood Circle', 'Afghanistan', '07', 69.2281531, 33.6042793, '4ea6334e-f478-4b3c-88db-a2ab1ac732f2');
insert into center_address (city, street, country, street_number, longitude, latitude, id) values ('Al Minyā', '913 Aberg Road', 'Egypt', '702', 30.7618397, 28.0870967, 'db30b547-8e88-453b-a34b-2f520844ecdc');
insert into center_address (city, street, country, street_number, longitude, latitude, id) values ('Tanniu', '006 Hanson Terrace', 'China', '842', 110.735357, 19.710084, '73b89bdf-0cf1-4418-bc91-15385409fea0');
insert into center_address (city, street, country, street_number, longitude, latitude, id) values ('Geidam', '1243 Russell Drive', 'Nigeria', '32053', 11.9804613, 12.6256834, '6809b718-4a59-46e8-9c48-840b72fd2eb9');
insert into center_address (city, street, country, street_number, longitude, latitude, id) values ('Huomachong', '45 Randy Pass', 'China', '02', 110.241387, 27.874777, 'beeb5490-a4e5-4014-8bfc-8bd988926edb');
insert into center_address (city, street, country, street_number, longitude, latitude, id) values ('Sandviken', '8 Lillian Terrace', 'Sweden', '29', 16.76232, 60.6304039, '22bf4112-e0da-42b4-a0af-7855a63fcbec');
insert into center_address (city, street, country, street_number, longitude, latitude, id) values ('Belém', '4378 Twin Pines Hill', 'Brazil', '5887', -35.5000999, -6.6906402, 'cbdb6c8e-a454-46ce-b489-552269672301');
insert into center_address (city, street, country, street_number, longitude, latitude, id) values ('Otuzco', '290 Homewood Street', 'Peru', '3', -78.5646656, -7.9035359, '2af1d20d-dd20-42ee-93a7-10bc64229438');
insert into center_address (city, street, country, street_number, longitude, latitude, id) values ('Nīshābūr', '66 Nevada Plaza', 'Iran', '3', 58.7960915, 36.2140865, '32083dca-edb2-4544-ab87-60ee43298df0');
insert into center_address (city, street, country, street_number, longitude, latitude, id) values ('Fukou', '0 Forest Run Street', 'China', '5', 111.804777, 27.951451, '701e0d9a-ffff-4038-8561-08e8b6d7ba58');
insert into center_address (city, street, country, street_number, longitude, latitude, id) values ('Oslo', '42 Fisk Road', 'Norway', '7', 10.767309, 59.9026039, 'd7b8f513-f3dd-4543-94fa-942a3d170182');
insert into center_address (city, street, country, street_number, longitude, latitude, id) values ('Kostakioí', '08970 Comanche Plaza', 'Greece', '5', 20.9594987, 39.1365314, '577982a9-8c42-43ac-b91b-01753911a039');
insert into center_address (city, street, country, street_number, longitude, latitude, id) values ('Bārkhān', '95 Tennessee Road', 'Pakistan', '36', 69.9069312, 30.1738031, '3d2ce49f-8cde-49a3-80ed-ee2917a5cd12');
insert into center_address (city, street, country, street_number, longitude, latitude, id) values ('Radashkovichy', '758 Maple Circle', 'Belarus', '01483', 27.2318325, 54.157108, '18761f6f-9254-4e53-9d3d-aaf2a24cd479');
insert into center_address (city, street, country, street_number, longitude, latitude, id) values ('Xiaopu', '4893 Wayridge Avenue', 'China', '18', 120.005147, 26.885704, 'a12dc0ee-6642-48cc-a1a7-92fe5adc73f5');
insert into center_address (city, street, country, street_number, longitude, latitude, id) values ('Kamuli', '5 Truax Way', 'Uganda', '2259', 33.126717, 0.944785, '4d80d678-af49-4558-89f7-55559d01c691');
insert into center_address (city, street, country, street_number, longitude, latitude, id) values ('Changgucheng', '00547 Homewood Point', 'China', '05012', 114.982, 38.702541, '8f48c7c1-1ecc-482a-aecb-27ba0679ca4e');
insert into center_address (city, street, country, street_number, longitude, latitude, id) values ('Yantan', '7 Coleman Center', 'China', '7', 104.874073, 29.272581, '44e85e6f-71a9-4275-a66a-97e809621788');
insert into center_address (city, street, country, street_number, longitude, latitude, id) values ('Miaoxi', '31 Bultman Street', 'China', '845', 120.00922, 30.779444, 'a885b7b7-51e4-4376-b81f-86a8f127ae13');
insert into center_address (city, street, country, street_number, longitude, latitude, id) values ('Dubna', '26 5th Alley', 'Russia', '0', 37.1660882, 56.7375175, '453c8a2c-5aa4-48c4-a6db-5273bfc2a780');
insert into center_address (city, street, country, street_number, longitude, latitude, id) values ('Babakanloa', '308 Evergreen Hill', 'Indonesia', '6600', 108.0050384, -7.1691828, '9d473513-ff91-4369-9767-7ca9dc015190');
insert into center_address (city, street, country, street_number, longitude, latitude, id) values ('Tylicz', '669 Petterle Park', 'Poland', '1607', 21.0533447, 49.3883764, '5c971bf4-7df2-4bad-976d-a3ceaca4b6c2');
insert into center_address (city, street, country, street_number, longitude, latitude, id) values ('Culubasa', '509 Corben Circle', 'Philippines', '5306', 120.6541966, 15.1422858, 'd72c7792-a60d-4b4b-83b2-c70b094e1eec');
insert into center_address (city, street, country, street_number, longitude, latitude, id) values ('Xarardheere', '8632 Packers Place', 'Somalia', '09', 47.8563151, 4.6559524, 'cbe5e192-873e-4246-8078-8c0a5f92203a');
insert into center_address (city, street, country, street_number, longitude, latitude, id) values ('Pasacao', '4 Dexter Circle', 'Philippines', '694', 123.057164, 13.5038354, 'af5b8a93-bcb3-4d29-a7b7-dd1012013f81');
insert into center_address (city, street, country, street_number, longitude, latitude, id) values ('Vistino', '37 Mandrake Hill', 'Russia', '085', 37.6148, 55.7382444, '31c1455f-e100-4264-82f8-5ac1accd4458');
insert into center_address (city, street, country, street_number, longitude, latitude, id) values ('Chesma', '17 Mosinee Court', 'Russia', '83061', 60.657365, 53.806717, '38fe7c50-5815-4160-ace6-64c260770051');
insert into center_address (city, street, country, street_number, longitude, latitude, id) values ('Bayt Sīrā', '6 Amoth Parkway', 'Palestinian Territory', '0352', 35.04532, 31.88743, 'd801cf40-bbca-4c2c-90c1-7da35acbc3b8');
insert into center_address (city, street, country, street_number, longitude, latitude, id) values ('Zalantun', '1770 Cascade Pass', 'China', '3', 122.737467, 48.013733, '17d4d9eb-b58a-4499-af10-ef06505e56c5');
insert into center_address (city, street, country, street_number, longitude, latitude, id) values ('Starodub', '5 Maryland Center', 'Russia', '4', 32.7616732, 52.5916842, '852000ba-696a-4a61-ad13-e07fef5a1bad');
insert into center_address (city, street, country, street_number, longitude, latitude, id) values ('Donja Dubica', '78320 Hanover Crossing', 'Bosnia and Herzegovina', '72', 18.3957811, 45.0818466, '9ed73183-6a37-49af-87e1-b6e5b960a2c3');
insert into center_address (city, street, country, street_number, longitude, latitude, id) values ('Stockholm', '09 Stone Corner Drive', 'Sweden', '8337', 18.0760798, 59.3125021, '56784936-c0a3-41a6-8d4a-123abf8748c3');
insert into center_address (city, street, country, street_number, longitude, latitude, id) values ('Dongle', '2248 Farwell Road', 'China', '87500', 84.520832, 30.736899, '8f7f9529-78b8-4740-a727-b75a1ff07187');
insert into center_address (city, street, country, street_number, longitude, latitude, id) values ('Kurnāz', '66 Thompson Street', 'Syria', '2626', 36.4851204, 35.3837308, 'e2cea384-1150-4143-b68c-59c238617b86');
insert into center_address (city, street, country, street_number, longitude, latitude, id) values ('Kulykiv', '2 Blue Bill Park Place', 'Ukraine', '5037', 24.0778329, 49.980217, 'fd3c8c9e-ffbf-44d2-a82f-a72a30b95a3e');
insert into center_address (city, street, country, street_number, longitude, latitude, id) values ('Jiguaní', '3855 Dexter Avenue', 'Cuba', '3908', -76.4302771, 20.3650844, '1e02993f-e3a9-4ed6-8fa2-955078bc3eaf');
insert into center_address (city, street, country, street_number, longitude, latitude, id) values ('Lavaltrie', '57231 Moulton Circle', 'Canada', '481', -73.2813569, 45.8836384, '10e233c4-6a39-47b8-b116-18312977c597');
insert into center_address (city, street, country, street_number, longitude, latitude, id) values ('Dukuhtengah', '64 Kropf Junction', 'Indonesia', '12', 112.7539449, -7.4099178, '671b92b9-d9d7-43e4-bfb2-3eb67410c2c1');
insert into center_address (city, street, country, street_number, longitude, latitude, id) values ('Bulu', '68 Haas Circle', 'Indonesia', '212', 110.8344302, -7.7595897, '696ad31a-f069-4b75-a2fb-b706acd41767');
insert into center_address (city, street, country, street_number, longitude, latitude, id) values ('Babakan', '1784 Carpenter Court', 'Indonesia', '5654', 106.804564, -6.588201, '9a70f727-0efd-4047-b8d9-f0281e7c38c1');
insert into center_address (city, street, country, street_number, longitude, latitude, id) values ('Amparo', '38 Susan Road', 'Brazil', '310', -46.7694191, -22.7064041, '300d4552-ef84-46ae-a5b2-42f810ec37fe');
insert into center_address (city, street, country, street_number, longitude, latitude, id) values ('Gaoqiao', '472 Buhler Plaza', 'China', '4650', 108.249509, 31.364902, '532fbd46-8677-4990-89d2-73e1d37c534a');
--center---
insert into center (id, address, name, description, avg_grade) values ('ef81c6fc-bd01-4148-b460-b9f2eb7c53c1', 'd6a4c034-83ef-4c6d-8419-c4b39059810b', 'Kassulke, Koepp and Windler', 'Change Other Device in Thoracic Duct, External Approach', 1);
insert into center (id, address, name, description, avg_grade) values ('d4f7ab7c-9662-4680-be9f-52584a2194d2', '2848e74d-c1a9-40dc-9764-402bb5553ee9', 'Bednar, Davis and Schumm', 'Excision of Left Renal Artery, Percutaneous Approach', 2);
insert into center (id, address, name, description, avg_grade) values ('262bb7c8-28a8-43fe-8c24-d79a00055872', '5ee042dc-c099-433d-8a91-d6eda807f917', 'Bogisich-Zulauf', 'Excision of Left Colic Artery, Perc Endo Approach, Diagn', 1.5);

insert into center (id, address, name, description, avg_grade) values ('ef81c6fc-bd01-4148-b460-b9f2eb7c53a3', '532fbd46-8677-4990-89d2-73e1d37c534a', 'Hospital 123', 'Change Other Device in Thoracic Duct, External Approach', 4.5);
insert into center (id, address, name, description, avg_grade) values ('d4f7ab7c-9662-4680-be9f-52584a2194d4', '9a70f727-0efd-4047-b8d9-f0281e7c38c1', 'Betanija', 'Excision of Left Renal Artery, Percutaneous Approach', 3.3);
insert into center (id, address, name, description, avg_grade) values ('262bb7c8-28a8-43fe-8c24-d79a00011875', '1e02993f-e3a9-4ed6-8fa2-955078bc3eaf', 'Health Care', 'Excision of Left Colic Artery, Perc Endo Approach, Diagn', 3);

insert into center (id, address, name, description, avg_grade) values ('ef81c6fc-bd01-4148-b460-b1f2eb7c53a6', 'cbdb6c8e-a454-46ce-b489-552269672301', 'Russian health care ', 'Change Other Device in Thoracic Duct, External Approach', 2.8);
insert into center (id, address, name, description, avg_grade) values ('d4f7ab7c-9662-4680-be9f-88584a1177d7', 'd72c7792-a60d-4b4b-83b2-c70b094e1eec', 'Pfizer', 'Excision of Left Renal Artery, Percutaneous Approach', 4.8);
insert into center (id, address, name, description, avg_grade) values ('d4f7ab7c-9662-4680-be9f-88584a1177d0', '9d473513-ff91-4369-9767-7ca9dc015190', 'Your care', 'Excision of Left Colic Artery, Perc Endo Approach, Diagn', 2.5);

insert into center (id, address, name, description, avg_grade) values ('42b82373-c643-48da-a0a1-76e4fa0b5b89', '671b92b9-d9d7-43e4-bfb2-3eb67410c2c1', 'Douglas, Ryan and Hettinger', 'Remove Autol Sub from Epididymis/Sperm Cord, Perc Endo', 4.4);
insert into center (id, address, name, description, avg_grade) values ('b53992af-19a5-4be1-9cfe-139bd0c81440', '56784936-c0a3-41a6-8d4a-123abf8748c3', 'Hintz-Wehner', 'Dilate L Com Iliac Art, Bifurc, w 2 Drug-elut, Open', 3.2);
insert into center (id, address, name, description, avg_grade) values ('76dece30-ad72-4f66-a283-3323e5243211', 'af5b8a93-bcb3-4d29-a7b7-dd1012013f81', 'Romaguera LLC', 'Insert Intralum Dev in R Less Saphenous, Perc Endo', 2);
insert into center (id, address, name, description, avg_grade) values ('6fc73c01-8d1f-44e6-83f5-47c01d653b12', '300d4552-ef84-46ae-a5b2-42f810ec37fe', 'Kessler, Hegmann and O''Hara', 'Excision of Left Eustachian Tube, Endo, Diagn', 1.8);
insert into center (id, address, name, description, avg_grade) values ('025967b5-1dbd-4f55-ba78-2615830e3913', '5c971bf4-7df2-4bad-976d-a3ceaca4b6c2', 'Herman-Bernier', 'Extirpation of Matter from Right Fallopian Tube, Via Opening', 4);
insert into center (id, address, name, description, avg_grade) values ('337ea82d-d6c5-4e4c-a10b-77bce6487cee', '44e85e6f-71a9-4275-a66a-97e809621788', 'Walsh-Raynor', 'Fusion Cerv Jt w Synth Sub, Ant Appr A Col, Open', 1);
insert into center (id, address, name, description, avg_grade) values ('56321b4d-df2a-499c-9f4f-0177431a450d', '852000ba-696a-4a61-ad13-e07fef5a1bad', 'Toy-Beatty', 'Drainage of R Ext Auditory Canal, Extern Approach, Diagn', 0);
insert into center (id, address, name, description, avg_grade) values ('52b38530-099f-4119-ad95-661a1cdda5cf', '9ed73183-6a37-49af-87e1-b6e5b960a2c3', 'Breitenberg, Schumm and Turner', 'Extirpation of Matter from Thalamus, Percutaneous Approach', 1);
insert into center (id, address, name, description, avg_grade) values ('6d85f319-52e5-4901-bdea-26c14d07992b', 'cbe5e192-873e-4246-8078-8c0a5f92203a', 'Nikolaus, Steuber and Hilpert', 'Excision of Lower Tooth, Open Approach, All', 1);
insert into center (id, address, name, description, avg_grade) values ('ec6590da-35c3-4e42-b31a-14495412cfca', 'a885b7b7-51e4-4376-b81f-86a8f127ae13', 'Goldner LLC', 'Fusion of L Finger Phalanx Jt with Int Fix, Perc Approach', 1);
insert into center (id, address, name, description, avg_grade) values ('606ddf23-21d0-49c3-b10c-773239141025', '17d4d9eb-b58a-4499-af10-ef06505e56c5', 'Bahringer, Bergstrom and Murazik', 'Fusion T-lum Jt w Intbd Fus Dev, Post Appr A Col, Open', 0);

-- insert into center (id, address, name, description, avg_grade) values ('63378662-ba22-48d7-abbe-38ea9d63b858', 'ce1031ef-f465-45db-99e5-99c09b6b5079', 'Dietrich LLC', 'Drainage of B Epididymis with Drain Dev, Perc Approach', 1);
-- insert into center (id, address, name, description, avg_grade) values ('09710732-2f6a-40b5-94a4-c73661cae4e9', '79face28-25d2-4519-b684-e92c9e605521', 'Wilderman, Davis and Baumbach', 'Revision of Ext Fix in R Wrist Jt, Extern Approach', 0);
-- insert into center (id, address, name, description, avg_grade) values ('f8bdb92f-6be6-46b0-b39c-42ae5e730389', 'd720f016-d7aa-448f-bdc6-51e7d3ef5cac', 'Upton, Monahan and Schulist', 'Excision of Face Artery, Percutaneous Endoscopic Approach', 0);
-- insert into center (id, address, name, description, avg_grade) values ('980c3f49-c892-4581-b1f9-3982f5cde064', '53d7b557-5a3c-43cc-a3e1-77fd585a0b3c', 'Von, Lakin and Spencer', 'Drainage of Left Knee Tendon, Percutaneous Approach, Diagn', 1);
-- insert into center (id, address, name, description, avg_grade) values ('31be369e-6794-4826-99c9-52106a371a1a', '0baedc11-6e24-4efa-85bd-e8874dd3b5a8', 'Cremin, Lindgren and Schmitt', 'Reposition Cervcal Vertebra with Int Fix, Perc Endo Approach', 0);
-- insert into center (id, address, name, description, avg_grade) values ('423144ce-4091-4a11-8c5d-347c96c94652', '859f224c-22c1-4697-84fd-a3fc1f94d697', 'Collier and Sons', 'Destruction of Right Thorax Tendon, Open Approach', 0);

--address
insert into address (id, city,country, street, street_number) values ('a4750193-0dfe-4059-b56c-d4919ec7252e', 'Huangsha','Srbija', 'Everett', '14644');
insert into address (id, city,country, street, street_number) values ('0beada52-42c4-458f-9dc1-3ede5e7fd1db', 'Nekhayevskiy','Srbija', 'Nobel', '5604');
insert into address (id, city,country, street, street_number) values ('d3be3049-1dd6-4df3-92ac-6dd9150f79f7', 'Saint Louis','Srbija', 'Mockingbird', '5120');
insert into address (id, city,country, street, street_number) values ('91e7ecf8-37b1-48d9-8415-39281f25e444', 'Bontang Baru','Srbija', 'Maple Wood', '8');
insert into address (id, city,country, street, street_number) values ('8c146e8f-09dd-4cb6-8562-fd4b66477c76', 'Säffle','Srbija', 'Dahle', '0');
insert into address (id, city,country, street, street_number) values ('710a5ceb-f789-4b8a-8674-a58a40524ded', 'Sundbyberg','Srbija', 'Algoma', '9');
insert into address (id, city,country, street, street_number) values ('56004a1b-d42d-45f4-a33d-3ffdc85805ab', 'Tawan tawan','Srbija', 'Mallory', '68543');
insert into address (id, city,country, street, street_number) values ('a776089f-a54c-4a01-8095-147f6e4dd8ef', 'Chocianów','Srbija', 'Bluestem', '8492');
insert into address (id, city,country, street, street_number) values ('0645b5a9-9544-4111-a265-d7a4f5da53af', 'Anuling','Srbija', 'Swallow', '30742');
insert into address (id, city,country, street, street_number) values ('3d3e105e-1108-47a4-92eb-f0c0dbb6277c', 'Kokubunji','Srbija', 'Cardinal', '682');
insert into address (id, city,country, street, street_number) values ('71969619-edc9-4468-a808-9735ab6e7303', 'San Mateo','Srbija', 'Katie', '17169');
insert into address (id, city,country, street, street_number) values ('609c975c-2bdb-4230-aff3-d19b01f6eb74', 'Watubura','Srbija', 'Glacier Hill', '96');
insert into address (id, city,country, street, street_number) values ('599e2149-7eef-44a2-9a8f-691358b73d57', 'Chengtian','Srbija', 'Di Loreto', '2419');
insert into address (id, city,country, street, street_number) values ('3d98a5e5-6cc8-4c5b-bd0f-b40728e4b128', 'Montfort-sur-Meu','Srbija', 'Coleman', '19823');
insert into address (id, city,country, street, street_number) values ('613a57af-e947-4ec0-a962-e7784b31ae7c', 'Melun','Srbija', 'Stephen', '2');


--profession
insert into profession (id, profession_status, profession_description) values ('f5587aa8-b662-4f3c-8d2a-c308e0e4e8d3', 1, 'Brainlounge');
insert into profession (id, profession_status, profession_description) values ('289521c2-19d7-41e2-ac69-5dcc996d8120', 2, 'Wikizz');
insert into profession (id, profession_status, profession_description) values ('ba41b340-a9d9-4f39-9bbc-d29aefe14698', 3, 'Photolist');
insert into profession (id, profession_status, profession_description) values ('7e13ef4e-0bb4-45a6-83c9-f1d47d61a568', 4, 'Mydo');
insert into profession (id, profession_status, profession_description) values ('10ff7dd7-268c-444d-95f5-603b56790ab3', 4, 'Yamia');
insert into profession (id, profession_status, profession_description) values ('cb7970d4-fe91-4bc9-aff6-d5cb2a704890', 4, 'Skalith');
insert into profession (id, profession_status, profession_description) values ('0c132b73-1fce-4f31-9eb3-288ffdbdbedc', 2, 'Gigaclub');
insert into profession (id, profession_status, profession_description) values ('3e786191-8dd4-45fb-a817-92c1f142f4c8', 3, 'Topicshots');
insert into profession (id, profession_status, profession_description) values ('11068154-28d6-4953-9bfc-f9724206c7f6', 3, 'Oloo');
insert into profession (id, profession_status, profession_description) values ('d717555e-239f-4b9c-9981-c78fba02ca3b', 0, 'Skilith');
insert into profession (id, profession_status, profession_description) values ('32aed874-39b9-439d-a1a7-abe8c6643f7d', 1, 'Avamba');
insert into profession (id, profession_status, profession_description) values ('dcdab350-091e-4faa-8526-aef353693442', 2, 'Devify');
insert into profession (id, profession_status, profession_description) values ('b055ed83-4f5b-4a91-8ae2-c8313bdd74b1', 3, 'Mudo');
insert into profession (id, profession_status, profession_description) values ('b73bf1e6-048f-444b-a299-ec67aadff5e2', 2, 'Quimba');
insert into profession (id, profession_status, profession_description) values ('bde28fa1-4a25-4b30-8487-16fbfeda7fa7', 4, 'Ozu');
insert into profession (id, profession_status, profession_description) values ('d30d6f55-44a3-401f-b463-5c77249103bb', 2, 'Janyx');
insert into profession (id, profession_status, profession_description) values ('105c039c-691d-42a2-85f5-9e791f1707e0', 3, 'Oyoba');
insert into profession (id, profession_status, profession_description) values ('84189c78-4570-4778-a512-d96e7f3df6bf', 2, 'Thoughtbeat');
insert into profession (id, profession_status, profession_description) values ('30bb0597-cac9-43ce-86c6-96a4e6b58d14', 4, 'Mydo');
insert into profession (id, profession_status, profession_description) values ('9f8b2c23-323e-4883-9508-68734d0bec16', 4, 'Meezzy');
insert into profession (id, profession_status, profession_description) values ('bae6ca8a-d275-46a7-be78-64e93b731b8d', 0, 'Skimia');
insert into profession (id, profession_status, profession_description) values ('9df7e610-9ec9-4b6e-b5b0-3961fba6dc73', 1, 'Zoovu');
insert into profession (id, profession_status, profession_description) values ('6f25bcfb-0ccc-4c11-b5fd-9f14a147cc28', 2, 'Jetwire');
insert into profession (id, profession_status, profession_description) values ('78562a9a-e31c-47dc-b3bb-ab4122af421a', 0, 'Eazzy');
insert into profession (id, profession_status, profession_description) values ('3b0a884a-0596-4350-b6f3-82ba67590db1', 3, 'Lazzy');
insert into profession (id, profession_status, profession_description) values ('4a322559-2eb1-405e-ae9e-7b4fdb926b16', 2, 'Midel');
insert into profession (id, profession_status, profession_description) values ('89f94b48-ccc4-41dd-98d1-a24f0b426514', 4, 'Wikido');
insert into profession (id, profession_status, profession_description) values ('f2f5c621-7538-4416-a626-2313841ad5f9', 3, 'Divavu');
insert into profession (id, profession_status, profession_description) values ('67f96b3e-b092-4159-aaf4-ac0628591eae', 3, 'Jayo');
insert into profession (id, profession_status, profession_description) values ('44adb602-43df-479b-b698-d135cfed4ed9', 0, 'Janyx');
insert into profession (id, profession_status, profession_description) values ('4cd6fc96-b062-41d9-899b-a9bddfc209c8', 2, 'Muxo');
insert into profession (id, profession_status, profession_description) values ('70bc5e71-0752-45dc-b7da-fdca23b24757', 0, 'Tagfeed');
insert into profession (id, profession_status, profession_description) values ('491761d4-7f0e-4035-976c-99784e91c43f', 1, 'Yodo');
insert into profession (id, profession_status, profession_description) values ('278c4270-1227-412b-b7da-2048cc66776c', 0, 'Mybuzz');
insert into profession (id, profession_status, profession_description) values ('7661221d-611e-4f88-a90e-e4e294e33d09', 3, 'Twitterbeat');
insert into profession (id, profession_status, profession_description) values ('ed55fd52-4da0-4186-abc5-8ab5d204e7d7', 3, 'Nlounge');
insert into profession (id, profession_status, profession_description) values ('537d43fb-79c4-404a-ad6c-06c5fa4405b0', 3, 'Trilia');
insert into profession (id, profession_status, profession_description) values ('d3d27bab-8d2d-4ecf-962b-f8d68deffc9d', 3, 'Browsedrive');
insert into profession (id, profession_status, profession_description) values ('a9855954-52a1-43c2-b859-2dc2e17d9f0b', 4, 'Divanoodle');
insert into profession (id, profession_status, profession_description) values ('8f1f4c3f-0e07-419e-a523-5935c02be493', 0, 'Shuffletag');
insert into profession (id, profession_status, profession_description) values ('9f2ff7fe-2815-4806-98a5-cab8c7f4e618', 4, 'Skynoodle');
insert into profession (id, profession_status, profession_description) values ('aaf97eb2-071e-4914-8f02-664962c3ab5d', 3, 'Devpulse');
insert into profession (id, profession_status, profession_description) values ('3efbe2a3-645a-4d69-974a-3dfdb06913eb', 1, 'Thoughtbridge');
insert into profession (id, profession_status, profession_description) values ('17f66da7-a07e-4026-8ecd-4fadd33e8706', 4, 'Skibox');
insert into profession (id, profession_status, profession_description) values ('d10b1391-dbf2-4aab-8e0e-985c2658218d', 4, 'Photobug');
insert into profession (id, profession_status, profession_description) values ('7994d85b-759f-4d77-bdea-3368949c24bb', 0, 'Leexo');
insert into profession (id, profession_status, profession_description) values ('7bee352a-3202-4aa0-b67a-55de880e0959', 3, 'Skinte');
insert into profession (id, profession_status, profession_description) values ('c2523852-f966-4ea0-a2bf-70c6e8c07841', 0, 'Midel');
insert into profession (id, profession_status, profession_description) values ('e88c1678-6745-49ba-9cea-d3612e3b0bdd', 2, 'Skidoo');
insert into profession (id, profession_status, profession_description) values ('d2dd3fcf-f157-43e6-a4ae-d18306d98837', 0, 'Meevee');

--center admins--
insert into application_user (user_role,id, username, password, name, phone, surname, jmbg, email, role, enabled, deleted,locked,address,center_id,gender,first_log_in) values (1,'34713840-ddf3-49b2-9cae-47334cb6b30a', 'stuff', '$2a$10$kHyLZYU9hrZ6HR4TC274Wes2x314j3yMCigBEB4OoIQHyzjC4D2V6', 'Mogli', '283-314-3046', 'Izdzungle', '4525567465', 'kshwalbe0@arizona.edu', 'ROLE_CENTER_ADMIN', true, false,false, 'a4750193-0dfe-4059-b56c-d4919ec7252e','ef81c6fc-bd01-4148-b460-b9f2eb7c53c1','MALE',false);
insert into application_user (user_role,id, username, password, name, phone, surname, jmbg, email, role, enabled, deleted,locked,address,center_id,gender,first_log_in) values (1,'34713840-ddf3-49b2-9cae-47334cb6b31d', 'ivi', '$2a$10$kHyLZYU9hrZ6HR4TC274Wes2x314j3yMCigBEB4OoIQHyzjC4D2V6', 'Ivana', '283-314-3046', 'Lazarevic', '4525567465', 'ivanalazarevic@gmail.com', 'ROLE_CENTER_ADMIN', true, false,false, 'a4750193-0dfe-4059-b56c-d4919ec7252e','ef81c6fc-bd01-4148-b460-b9f2eb7c53c1','FEMALE',false);
insert into application_user (user_role,id, username, password, name, phone, surname, jmbg, email, role, enabled, deleted,locked,address,center_id,gender,first_log_in) values (1,'34713840-ddf3-49b2-9cae-47334cb6b32d', 'miki', '$2a$10$kHyLZYU9hrZ6HR4TC274Wes2x314j3yMCigBEB4OoIQHyzjC4D2V6', 'Milan', '283-314-3046', 'Milankovic', '4525567465', 'miki@gmail.com', 'ROLE_CENTER_ADMIN', true, false,false, 'a4750193-0dfe-4059-b56c-d4919ec7252e','ef81c6fc-bd01-4148-b460-b9f2eb7c53c1','MALE',false);
insert into application_user (user_role,id, username, password, name, phone, surname, jmbg, email, role, enabled, deleted,locked,address,center_id,gender,first_log_in) values (1,'34713840-ddf3-49b2-9cae-47334cb6b33d', 'zalons', '$2a$10$kHyLZYU9hrZ6HR4TC274Wes2x314j3yMCigBEB4OoIQHyzjC4D2V6', 'Aleksa', '283-314-3046', 'Zakic', '4525567465', 'miki@gmail.com', 'ROLE_CENTER_ADMIN', true, false,false, 'a4750193-0dfe-4059-b56c-d4919ec7252e','ef81c6fc-bd01-4148-b460-b9f2eb7c53c1','MALE',true);
--customers--
insert into application_user (user_role,id, username, password, name, phone, surname, jmbg, email, role, enabled, deleted,locked,address,profession,penalty,gender,first_log_in) values (3,'34713840-ddf3-49b2-9cae-47334cb6b31b', 'customer', '$2a$10$kHyLZYU9hrZ6HR4TC274Wes2x314j3yMCigBEB4OoIQHyzjC4D2V6', 'Kristel', '283-314-3046', 'Shwalbe', '4525567465', 'kshwalbe0@arizona.edu', 'ROLE_CUSTOMER',true,false, false, 'a4750193-0dfe-4059-b56c-d4919ec7252e','3efbe2a3-645a-4d69-974a-3dfdb06913eb',0,'MALE',false);
insert into application_user (user_role,id, username, password, name, phone, surname, jmbg, email, role, enabled, deleted,locked,address,gender,first_log_in) values (2,'8a05df51-6c71-433c-802d-96a916273d7c', 'admin', '$2a$10$kHyLZYU9hrZ6HR4TC274Wes2x314j3yMCigBEB4OoIQHyzjC4D2V6', 'Kristel', '283-314-3046', 'Shwalbe', '4525567465', 'kshwalbe0@arizona.edu', 'ROLE_SYSTEM_ADMIN', true, false, false, 'a4750193-0dfe-4059-b56c-d4919ec7252e','MALE',false);
insert into application_user (user_role,id, username, password, name, phone, surname, jmbg, email, role, enabled, deleted,locked,address,center_id,gender,first_log_in) values (1,'34713840-ddf3-49b2-9cae-47334cb6b30d', 'kshwalbe1', '2iF0ZQ4IDswj', 'Kristian', '283-314-3046', 'Shwalbe', '4525567465', 'krshwalbe0@arizona.edu', 'ROLE_CENTER_ADMIN', true, false,false, 'd3be3049-1dd6-4df3-92ac-6dd9150f79f7',null,'MALE',false);
insert into application_user (user_role,id, username, password, name, phone, surname, jmbg, email, role, enabled, deleted,locked,address,profession,penalty,gender,first_log_in) values (3,'a0e141aa-62a9-11ed-9b6a-0242ac120002', 'barbara', '$2a$10$kHyLZYU9hrZ6HR4TC274Wes2x314j3yMCigBEB4OoIQHyzjC4D2V6', 'Barbara', '283-314-3046', 'Shwalbe', '4525567465', 'kshwalbe0@arizona.edu', 'ROLE_CUSTOMER',true,false, false, 'a4750193-0dfe-4059-b56c-d4919ec7252e','3efbe2a3-645a-4d69-974a-3dfdb06913eb',0,'FEMALE',false);
insert into application_user (user_role,id, username, password, name, phone, surname, jmbg, email, role, enabled, deleted,locked,address,profession,penalty,gender,first_log_in) values (3,'0dcce2a4-62b6-11ed-9b6a-0242ac120002', 'perapan', '$2a$10$kHyLZYU9hrZ6HR4TC274Wes2x314j3yMCigBEB4OoIQHyzjC4D2V6', 'Petar', '283-314-3046', 'Pan', '4525567465', 'kshwalbe0@arizona.edu', 'ROLE_CUSTOMER',true,false, false, 'a4750193-0dfe-4059-b56c-d4919ec7252e','3efbe2a3-645a-4d69-974a-3dfdb06913eb',0,'MALE',false);
-- insert into application_user (id, username, password, name, phone, surname, jmbg, email, role, enabled, deleted, address) values ('8a05df51-6c71-433c-802d-96a916273d6e', 'mdrakes1', 'YrSgvFFK', 'Miller', '260-183-6752', 'Drakes', '4571221398', 'mdrakes1@dyndns.org', 3, false, false, '5f7cf62b-e6d0-418c-91d8-0355511ca528');
-- insert into application_user (id, username, password, name, phone, surname, jmbg, email, role, enabled, deleted,address) values ('34713840-ddf3-49b2-9cae-47334cb6b31b', 'cadmin1', '123', 'Kristel', '283-314-3046', 'Shwalbe', '4525567465', 'kshwalbe0@arizona.edu', 0, false, false, '91e7ecf8-37b1-48d9-8415-39281f25e444');
-- insert into application_user (id, username, password, name, phone, surname, jmbg, email, role, enabled, deleted, address) values ('8a05df51-6c71-433c-802d-96a916273d7c', 'cadmin2', '123', 'Miller', '260-183-6752', 'Drakes', '4571221398', 'mdrakes1@dyndns.org', 0, false, false, '2a903107-b037-443c-a146-b5f4a9407f18');
-- insert into center_administrator (id,center_id) values ('34713840-ddf3-49b2-9cae-47334cb6b31b','ef81c6fc-bd01-4148-b460-b9f2eb7c53c3')
-- insert into center_administrator (id,center_id) values ('8a05df51-6c71-433c-802d-96a916273d7c','d4f7ab7c-9662-4680-be9f-52584a2194db')

insert into appointment (id, date, deleted,finish_Time, start_time, center_id) values ('4136b08e-62b6-11ed-9b6a-0242ac120002','2023-01-28T16:17:57.049Z',false,'15:00','14:00','ef81c6fc-bd01-4148-b460-b9f2eb7c53c1');
insert into appointment (id, date, deleted,finish_Time, start_time, center_id) values ('4136b08e-62b6-11ed-9b6a-0242ac120003','2022-01-27T16:17:57.049Z',false,'15:00','14:00','ef81c6fc-bd01-4148-b460-b9f2eb7c53c1');
insert into appointment (id, date, deleted,finish_Time, start_time, center_id) values ('4136b08e-62b6-11ed-9b6a-0242ac120004','2022-01-23T16:17:57.049Z',false,'15:00','14:00','ef81c6fc-bd01-4148-b460-b9f2eb7c53c1');
insert into appointment (id, date, deleted,finish_Time, start_time, center_id) values ('4136b08e-62b6-11ed-9b6a-0242ac120005','2023-01-23T16:17:57.049Z',false,'10:00','9:00','ef81c6fc-bd01-4148-b460-b9f2eb7c53c1');
insert into appointment (id, date, deleted,finish_Time, start_time, center_id) values ('4136b08e-62b6-11ed-9b6a-0242ac120006','2023-01-24T16:17:57.049Z',false,'10:00','9:00','ef81c6fc-bd01-4148-b460-b9f2eb7c53c1');

insert into appointment (id, date, deleted,finish_Time, start_time, center_id) values ('4136b08e-62b6-11ed-9b6a-0242ac120007','2023-01-30T16:17:57.049Z',false,'15:00','14:00','ef81c6fc-bd01-4148-b460-b9f2eb7c53c1');
insert into appointment (id, date, deleted,finish_Time, start_time, center_id) values ('4136b08e-62b6-11ed-9b6a-0242ac120008','2023-01-31T16:17:57.049Z',false,'15:00','14:00','ef81c6fc-bd01-4148-b460-b9f2eb7c53a3');
insert into appointment (id, date, deleted,finish_Time, start_time, center_id) values ('4136b08e-62b6-11ed-9b6a-0242ac120009','2023-01-28T16:17:57.049Z',false,'16:00','17:00','ef81c6fc-bd01-4148-b460-b9f2eb7c53c1');
insert into appointment (id, date, deleted,finish_Time, start_time, center_id) values ('2ad9c1cd-80a1-4d0a-97ec-858067e93ee8','2023-01-28T16:17:57.049Z',false,'11:00','12:00','ef81c6fc-bd01-4148-b460-b9f2eb7c53c1');

insert into appointment (id, date, deleted,finish_Time, start_time, center_id) values ('3aaf2288-4eb0-4dfa-93ef-2efc94348d6a','2023-02-11T16:17:57.049Z',false,'15:00','14:00','025967b5-1dbd-4f55-ba78-2615830e3913');
insert into appointment (id, date, deleted,finish_Time, start_time, center_id) values ('75b3388c-3d1d-4a1d-b1d6-c1c86298d932','2023-02-11T16:17:57.049Z',false,'15:00','14:00','6fc73c01-8d1f-44e6-83f5-47c01d653b12');
insert into appointment (id, date, deleted,finish_Time, start_time, center_id) values ('c3b37866-f87f-4c05-8ee6-04476ff6f516','2023-02-11T16:17:57.049Z',false,'15:00','14:00','76dece30-ad72-4f66-a283-3323e5243211');
insert into appointment (id, date, deleted,finish_Time, start_time, center_id) values ('8d70fb07-161f-42c1-b12f-7b171cf32f37','2023-02-11T16:17:57.049Z',false,'15:00','14:00','b53992af-19a5-4be1-9cfe-139bd0c81440');
insert into appointment (id, date, deleted,finish_Time, start_time, center_id) values ('e61ad3af-60bf-45ce-8dd5-228839b00552','2023-02-11T16:17:57.049Z',false,'15:00','14:00','42b82373-c643-48da-a0a1-76e4fa0b5b89');


insert into appointment (id, date, deleted,finish_Time, start_time, center_id) values ('11122233-62b6-11ed-9b6a-0242ac120002','2020-11-11T16:17:57.049Z',false,'15:00','14:00','ef81c6fc-bd01-4148-b460-b9f2eb7c53c1');
insert into appointment (id, date, deleted,finish_Time, start_time, center_id) values ('33322233-62b6-11ed-9b6a-0242ac120002','2021-11-11T16:17:57.049Z',false,'15:00','14:00','ef81c6fc-bd01-4148-b460-b9f2eb7c53c1');
insert into appointment (id, date, deleted,finish_Time, start_time, center_id) values ('5b5fae11-a0a3-4401-9b6b-3e0d660c97a7','2023-01-28T16:17:57.049Z',false,'15:00','14:00','ef81c6fc-bd01-4148-b460-b9f2eb7c53c1');
insert into appointment (id, date, deleted,finish_Time, start_time, center_id) values ('3133ae9b-b868-4d40-a7e3-24adbb937107','2024-08-29T16:17:57.049Z',false,'09:00','08:00','ef81c6fc-bd01-4148-b460-b9f2eb7c53c1');

insert into schedule_appointment (id,appointment_id, customer_id,status) values ('64b37a96-62a8-11ed-9b6a-0242ac120002','4136b08e-62b6-11ed-9b6a-0242ac120005','a0e141aa-62a9-11ed-9b6a-0242ac120002','ACCEPTED');
insert into schedule_appointment (id,appointment_id, customer_id,status) values ('cb8d11b8-62a9-11ed-9b6a-0242ac120002','4136b08e-62b6-11ed-9b6a-0242ac120003','a0e141aa-62a9-11ed-9b6a-0242ac120002','ACCEPTED');
insert into schedule_appointment (id,appointment_id, customer_id,status) values ('57b52a02-62b6-11ed-9b6a-0242ac120002','4136b08e-62b6-11ed-9b6a-0242ac120004','0dcce2a4-62b6-11ed-9b6a-0242ac120002','PENDING');
insert into schedule_appointment (id,appointment_id, customer_id,status) values ('57b52a02-62b6-11ed-9b6a-0242ac120003','4136b08e-62b6-11ed-9b6a-0242ac120002','0dcce2a4-62b6-11ed-9b6a-0242ac120002','PENDING');
insert into schedule_appointment (id,appointment_id, customer_id,status) values ('57b52a02-62b6-11ed-9b6a-0242ac120004','4136b08e-62b6-11ed-9b6a-0242ac120006','0dcce2a4-62b6-11ed-9b6a-0242ac120002','PENDING');
insert into schedule_appointment (id,appointment_id, customer_id,status) values ('57b52a02-62b6-11ed-9b6a-0242ac120005','4136b08e-62b6-11ed-9b6a-0242ac120007','0dcce2a4-62b6-11ed-9b6a-0242ac120002','PENDING');
insert into schedule_appointment (id,appointment_id, customer_id,status) values ('57b52a02-62b6-11ed-9b6a-0242ac120006','4136b08e-62b6-11ed-9b6a-0242ac120008','0dcce2a4-62b6-11ed-9b6a-0242ac120002','PENDING');
insert into schedule_appointment (id,appointment_id, customer_id,status) values ('57b52a02-62b6-11ed-9b6a-0242ac120007','4136b08e-62b6-11ed-9b6a-0242ac120009','0dcce2a4-62b6-11ed-9b6a-0242ac120002','PENDING');
insert into schedule_appointment (id,appointment_id, customer_id,status) values ('11fd9cac-6d9b-475a-bfd9-9108751307c9','5b5fae11-a0a3-4401-9b6b-3e0d660c97a7','a0e141aa-62a9-11ed-9b6a-0242ac120002','PENDING');
insert into schedule_appointment (id,appointment_id, customer_id,status) values ('23f78eed-3464-4134-ac2a-e10f5b2176b9','3133ae9b-b868-4d40-a7e3-24adbb937107','a0e141aa-62a9-11ed-9b6a-0242ac120002','ACCEPTED');

insert into predefined_loyalty_program(id,customer_category,loyalty_convenience,number_of_points) values ('168067ce-6381-11ed-81ce-0242ac120002','BRONZE','You have 5% discharge in our ambulances.',10);
insert into predefined_loyalty_program(id,customer_category,loyalty_convenience,number_of_points) values ('abc12a02-62b6-11ed-9b6a-0242ac120002','SILVER','You have 15% discharge in our ambulances.',25);
insert into predefined_loyalty_program(id,customer_category,loyalty_convenience,number_of_points) values ('f46800de-6380-11ed-81ce-0242ac120002','GOLD','You have 25% discharge in our ambulances.',50);


insert into loyalty_program(id,current_points,customer_id,predefined_loyalty_program_id ) values ('ae068642-6380-11ed-81ce-0242ac120002',30,'34713840-ddf3-49b2-9cae-47334cb6b31b','abc12a02-62b6-11ed-9b6a-0242ac120002');

--equipment
insert into equipment (id, name) values ('125967b5-1dbd-4f55-ba78-2615830e3900','Gauze');
insert into equipment (id, name) values ('125967b5-1dbd-4f55-ba78-2615830e3901','Needle');
insert into equipment (id, name) values ('125967b5-1dbd-4f55-ba78-2615830e3902','Syringe');

--center_equipment
insert into center_equipment (id,center_id,equipment_id,quantity) values ('125967b5-1dbd-4f55-ba78-2615830e3800','ef81c6fc-bd01-4148-b460-b9f2eb7c53c1','125967b5-1dbd-4f55-ba78-2615830e3900',1000);
insert into center_equipment (id,center_id,equipment_id,quantity) values ('125967b5-1dbd-4f55-ba78-2615830e3801','ef81c6fc-bd01-4148-b460-b9f2eb7c53c1','125967b5-1dbd-4f55-ba78-2615830e3901',1000);
insert into center_equipment (id,center_id,equipment_id,quantity) values ('125967b5-1dbd-4f55-ba78-2615830e3802','ef81c6fc-bd01-4148-b460-b9f2eb7c53c1','125967b5-1dbd-4f55-ba78-2615830e3902',1000);

insert into center_equipment (id,center_id,equipment_id,quantity) values ('125967b5-1dbd-4f55-ba78-2615830e3803','262bb7c8-28a8-43fe-8c24-d79a00055872','125967b5-1dbd-4f55-ba78-2615830e3900',1000);
insert into center_equipment (id,center_id,equipment_id,quantity) values ('125967b5-1dbd-4f55-ba78-2615830e3804','262bb7c8-28a8-43fe-8c24-d79a00055872','125967b5-1dbd-4f55-ba78-2615830e3901',1000);
insert into center_equipment (id,center_id,equipment_id,quantity) values ('125967b5-1dbd-4f55-ba78-2615830e3805','262bb7c8-28a8-43fe-8c24-d79a00055872','125967b5-1dbd-4f55-ba78-2615830e3902',1000);

insert into center_equipment (id,center_id,equipment_id,quantity) values ('125967b5-1dbd-4f55-ba78-2615830e3806','d4f7ab7c-9662-4680-be9f-52584a2194d2','125967b5-1dbd-4f55-ba78-2615830e3900',1000);
insert into center_equipment (id,center_id,equipment_id,quantity) values ('125967b5-1dbd-4f55-ba78-2615830e3807','d4f7ab7c-9662-4680-be9f-52584a2194d2','125967b5-1dbd-4f55-ba78-2615830e3901',1000);
insert into center_equipment (id,center_id,equipment_id,quantity) values ('125967b5-1dbd-4f55-ba78-2615830e3808','d4f7ab7c-9662-4680-be9f-52584a2194d2','125967b5-1dbd-4f55-ba78-2615830e3902',1000);

--blood bank for centers
insert into blood_bank (id,blood_type,blood_unit,center_id) values ('125967b5-1dbd-4f55-ba78-2615830e3700','A_POSITIVE',500,'ef81c6fc-bd01-4148-b460-b9f2eb7c53c1');
insert into blood_bank (id,blood_type,blood_unit,center_id) values ('125967b5-1dbd-4f55-ba78-2615830e3701','A_NEGATIVE',500,'ef81c6fc-bd01-4148-b460-b9f2eb7c53c1');
insert into blood_bank (id,blood_type,blood_unit,center_id) values ('125967b5-1dbd-4f55-ba78-2615830e3702','B_POSITIVE',500,'ef81c6fc-bd01-4148-b460-b9f2eb7c53c1');
insert into blood_bank (id,blood_type,blood_unit,center_id) values ('125967b5-1dbd-4f55-ba78-2615830e3703','B_NEGATIVE',500,'ef81c6fc-bd01-4148-b460-b9f2eb7c53c1');
insert into blood_bank (id,blood_type,blood_unit,center_id) values ('125967b5-1dbd-4f55-ba78-2615830e3704','O_POSITIVE',500,'ef81c6fc-bd01-4148-b460-b9f2eb7c53c1');
insert into blood_bank (id,blood_type,blood_unit,center_id) values ('125967b5-1dbd-4f55-ba78-2615830e3705','O_NEGATIVE',500,'ef81c6fc-bd01-4148-b460-b9f2eb7c53c1');
insert into blood_bank (id,blood_type,blood_unit,center_id) values ('125967b5-1dbd-4f55-ba78-2615830e3706','AB_POSITIVE',500,'ef81c6fc-bd01-4148-b460-b9f2eb7c53c1');
insert into blood_bank (id,blood_type,blood_unit,center_id) values ('125967b5-1dbd-4f55-ba78-2615830e3707','AB_NEGATIVE',500,'ef81c6fc-bd01-4148-b460-b9f2eb7c53c1');

--customer form
insert into customer_form (id, had_cancer, had_transfusion, is_age, is_allergic, is_blood_pressure_normal, is_dentis, is_piercing_tattoo, is_pregnant, is_sexual, is_sick, is_under_therapy, is_weight, on_period, submission_date, use_medication, customer) values ('17aaffa1-0875-48a0-bd4d-bf6910c658fc',FALSE,FALSE,FALSE,FALSE,FALSE,FALSE,FALSE,FALSE,FALSE,FALSE,FALSE,FALSE,FALSE,'2023-01-29T16:17:57.049Z',FALSE,'a0e141aa-62a9-11ed-9b6a-0242ac120002');


insert into customer_qr_code (id, qrcode , customer_id) values ('f10e1485-8b9a-4e5b-980e-69299121944a','iVBORw0KGgoAAAANSUhEUgAAAMgAAADIAQAAAACFI5MzAAAC4klEQVR4Xu2XQY6jMBBFC3nhHVzAkq/hHVdKLgDkAnAl73wNS74A2XlhUfMro4ae0cwitjSaRayWOuJFMfz6/lUQ/23R7xfO9SEfIutfEk9dtseY8HFxzIFIN5DATx9nLgPb1dldW1xpIHTPdmPeciFShzZdI/E0jfYg9eAyjc2E4xDsQmrRZeZGAg3Srs2daXL41q/qvEtQn2Du198vlXubYGX7xG4MMaTmr1VLPN00r4RlD1cGn9axgQSa5F/iUO65QIb5a58aktOi00Jpk5obcnx8aVBDOE6u3EbcvrkR7+O1Tw2BlpkfOXYhPSBqgB8biIcN0zGqXacnS622FsJRfM34eXU4mvR3Dd4nGfVBnRXnCA02r05f15F7ViuZzkPOMulLgzoyQ8icniHh8B3OzNc+7xPG2YWi5u5Nrw3p0p/qVBCP546DRzCXHt6hODWR2GU+JPDgHYia9rGBcFrliKDUvIxxyEocVE18wXNPWnL0IDP7bylWQXKZvRlC7JjmgEAt/dhAkJ0+9mQfAaJGROmV8RVEfh7ug5x2d7h9NI0GIhogD1Bn7EOdp9OJNSTgoZVUGDnqX5HQQjw/xD4IP7QL04/2yqoKgmbIuF8cYvlK7+zlqhoSiZBVaGhxzub2iqt6gguBkVWbR9ktHuLqZjWkdBBVm0GqjU3K/dL6fYJQ92jaaLaGiDH1nCe4iqgHwi+gK6LU+Gy3c58aEtFgB2gpM516NZ8G4k2XDSC8c0jG03nmakigwaM4aiG7ODlw61ntCpIZ11aNuy5Q4ubMlVU1RMHUGwY6xF6WQ3PtU0E8LGNlIsNuLk5EMq1UEyyEH0ZFzMIezQcjdgPBDOvljeQZlEx5+uq0NeQ1Pe0IP371ilDaiLxJSFaResJE9N07dQROVMvPlPJ4eWokGFJgRkLsIUTPya6KQEuM1aXzMl/f3HWCa4i8l0jHxmsTJlmMUfvpxAry5/UhHyLrfyY/AJKIZCIJVDEjAAAAAElFTkSuQmCC','a0e141aa-62a9-11ed-9b6a-0242ac120002');
insert into customer_qr_code (id, qrcode , customer_id) values ('23f78eed-3464-4134-ac2a-e10f5b2176b9','iVBORw0KGgoAAAANSUhEUgAAAMgAAADIAQAAAACFI5MzAAAC4ElEQVR4Xu2XTY7bMAyFaWjhnXMBAbqGd7qSfYE4voB9Je10DQG6gL3TwjD7mGKUtGgXQwNFFyEGk4y+wNTw55Eh/pvR7wfVPuRDxP4lCdSUdPcZbx89cyRqL5DIe8TLcWO39G5rHcufakJj4ZV5LcdA5mxtc5HEfHp3Uga8+8sEfqJ7EA0SiYuE92C21o7s1kL4/R6dbxPkJ9rx9fNL5r5NxHDAO9MYJOdP05JAA/FCMHf2xxTy4i+QSBOniTOHY0R+erpfISHvIT+Q6ogzSz2fNToKUlLXus3L9anNm6f7FcJuZjOX1EhQjzGa+SvbGhKp61HOKJ+8i1snn9YTO7R5hSs2Zy9XrjHQkJK54MwwJ6QdNV7rWkPC0QSzEFrNbbh+C4dXCFyZveQ9StrP3k7Vj4bkOfDp7Rhs11pqj+4rBiqS7kS34E4vZxulWjsqkndEVAQvzxLULFWpJowHw4/hwg8PKTVypiYF/zdKBjpqTrIT5KHWjoJADIJbY2qYJhHUo/MXSEGfpY7cHBHUBCmtGq8hAY/nmRHOn5V4TOJcTRIUdC7IM/xQgw9WPxpiFn8MHq2M64skvDRRQZhFqDC0fZ4Lwulqz6mIW1Ha3iyt3B1rhSiWmsQ0hoT1BHsK2nfo3UvFNMTeMCt6swY0seP3aaYh0BVRgptkGwWOuF4gBQ9OI2PYWiI+ydQO1hCRgYy7NxA/GUTomAsEb9msBXMDvWuw4j1NS+AnyEKHYlwZXUKvXUxDqPNIjnnI8JGGW2q2FaQwNH5pcWsUNWrH1l1MRQzaDusJQfYKWvDNj4IEtwfRmIGwrcv0kG5WE4F2LGg126D52qPuYhqCHTY4fCPZI+Y/6vpt0iqILE34OgIplfUTinWNYBEm0SrCHLOIwVvt6IjsYo9etAoLy40vEmzEUoznU0SfjaImiCXW6oN62a+hfK/eVhDJT8bE7kSV01jyVitRQf5sH/IhYv8z+QHgwH8WmJ9apgAAAABJRU5ErkJggg==','a0e141aa-62a9-11ed-9b6a-0242ac120002');


--offers
INSERT INTO public.blood_contract (id, delivery_date, hospital_name, is_expired, price) VALUES (3, '2023-10-28 18:17:57.049000', 'ivi', false, 1000);
INSERT INTO public.blood_contract (id, delivery_date, hospital_name, is_expired, price) VALUES (6, '2023-10-28 18:17:57.049000', 'private', false, 1000);
--
INSERT INTO public.blood_contract_blood_units (blood_contract_id, blood_units_id) VALUES (3, 1);
INSERT INTO public.blood_contract_blood_units (blood_contract_id, blood_units_id) VALUES (3, 2);
INSERT INTO public.blood_contract_blood_units (blood_contract_id, blood_units_id) VALUES (6, 4);
INSERT INTO public.blood_contract_blood_units (blood_contract_id, blood_units_id) VALUES (6, 5);
--
INSERT INTO public.blood_contract_blood_units (blood_contract_id, blood_units_id) VALUES (3, 1);
INSERT INTO public.blood_contract_blood_units (blood_contract_id, blood_units_id) VALUES (3, 2);
INSERT INTO public.blood_contract_blood_units (blood_contract_id, blood_units_id) VALUES (6, 4);
INSERT INTO public.blood_contract_blood_units (blood_contract_id, blood_units_id) VALUES (6, 5);
--
-- INSERT INTO public.blood_offer (id, offer_date, blood_contract_id, center_id) VALUES (7, '2023-01-26 20:05:00.295000', 3, 'ef81c6fc-bd01-4148-b460-b9f2eb7c53c1');
-- INSERT INTO public.blood_offer (id, offer_date, blood_contract_id, center_id) VALUES (8, '2023-01-26 20:10:43.429000', 6, 'ef81c6fc-bd01-4148-b460-b9f2eb7c53c1');
--bloods
INSERT INTO public.blood_contract (id, delivery_date, hospital_name, is_expired, price) VALUES (3, '2023-01-28 17:17:57.049000', 'private', false, 1000);
INSERT INTO public.blood_contract (id, delivery_date, hospital_name, is_expired, price) VALUES (6, '2023-01-28 17:17:57.049000', 'pro', false, 1000);
INSERT INTO public.blood_unit (id, blood_amount, blood_type) VALUES (7, 30, 'A_POSITIVE');
INSERT INTO public.blood_unit (id, blood_amount, blood_type) VALUES (8, 70, 'A_NEGATIVE');
INSERT INTO public.blood_unit (id, blood_amount, blood_type) VALUES (10, 30, 'A_POSITIVE');
INSERT INTO public.blood_unit (id, blood_amount, blood_type) VALUES (11, 70, 'A_NEGATIVE');
INSERT INTO public.blood_unit (id, blood_amount, blood_type) VALUES (1, 30, 'A_POSITIVE');
INSERT INTO public.blood_unit (id, blood_amount, blood_type) VALUES (2, 70, 'A_NEGATIVE');
INSERT INTO public.blood_unit (id, blood_amount, blood_type) VALUES (4, 30, 'A_POSITIVE');
INSERT INTO public.blood_unit (id, blood_amount, blood_type) VALUES (5, 70, 'A_NEGATIVE');
INSERT INTO public.blood_contract_blood_units (blood_contract_id, blood_units_id) VALUES (3, 1);
INSERT INTO public.blood_contract_blood_units (blood_contract_id, blood_units_id) VALUES (3, 2);
INSERT INTO public.blood_contract_blood_units (blood_contract_id, blood_units_id) VALUES (6, 4);
INSERT INTO public.blood_contract_blood_units (blood_contract_id, blood_units_id) VALUES (6, 5);
INSERT INTO public.blood_offer (id, offer_date, blood_contract_id, center_id, is_sended) VALUES (7, '2023-01-26 20:47:41.674000', 6, 'ef81c6fc-bd01-4148-b460-b9f2eb7c53c1',false);
INSERT INTO public.blood_offer (id, offer_date, blood_contract_id, center_id,is_sended) VALUES (8, '2023-01-26 20:47:59.071000', 3, 'ef81c6fc-bd01-4148-b460-b9f2eb7c53c1',false);
